{"cameraMode":{"drawMode":0,"name":"Shaded","section":"Shading Mode"},"sceneLighting":true,"audioPlay":false,"sceneViewState":{"showFog":true,"showMaterialUpdate":false,"showSkybox":true,"showFlares":true,"showImageEffects":true,"showParticleSystems":true},"in2DMode":false,"pivot":{"x":18.741867065429689,"y":6.476690292358398,"z":-11.26953125},"rotation":{"x":-0.007464410271495581,"y":-0.9748982787132263,"z":0.22005462646484376,"w":-0.03306924179196358},"size":31.91165542602539,"orthographic":true}