{"cameraMode":{"drawMode":0,"name":"Shaded","section":"Shading Mode"},"sceneLighting":true,"audioPlay":false,"sceneViewState":{"showFog":true,"showMaterialUpdate":false,"showSkybox":true,"showFlares":true,"showImageEffects":true,"showParticleSystems":true},"in2DMode":false,"pivot":{"x":16.52910041809082,"y":2.3715527057647707,"z":-15.186092376708985},"rotation":{"x":0.03477049618959427,"y":0.9542223811149597,"z":-0.27058324217796328,"w":0.12261894345283508},"size":20.79642105102539,"orthographic":true}